{"epoch": 20, "train_loss": 0.9201, "train_accuracy": 0.5423, "val_loss": 0.9319, "val_accuracy": 0.5415, "_timestamp": 1679144777.1864696, "_runtime": 720.9263944625854, "_step": 20, "test_accuracy": 53.879999999999995, "_wandb": {"runtime": 720}}