{"epoch": 50, "train_loss": 1.9986, "train_accuracy": 0.1, "val_loss": 2.0061, "val_accuracy": 0.0999, "_timestamp": 1679030723.2162998, "_runtime": 1502.7917957305908, "_step": 50, "test_accuracy": 10.0, "_wandb": {"runtime": 1501}}