{"epoch": 1, "train_loss": 0.8347, "train_accuracy": 0.5994, "val_loss": 0.8587, "val_accuracy": 0.593, "_timestamp": 1678815395.9670515, "_runtime": 10.293724536895752, "_step": 1, "test_accuracy": 59.550000000000004, "_wandb": {"runtime": 9}}