{"epoch": 12, "train_loss": 1.5971, "train_accuracy": 0.208, "val_loss": 1.6027, "val_accuracy": 0.2079, "_timestamp": 1679197057.8656611, "_runtime": 338.963849067688, "_step": 11}