{"epoch": 1, "train_loss": 1.0302, "train_accuracy": 0.5185, "val_loss": 1.0782, "val_accuracy": 0.5129, "_timestamp": 1678817942.8200326, "_runtime": 17.905300617218018, "_step": 1, "test_accuracy": 51.59, "_wandb": {"runtime": 16}}