{"epoch": 50, "train_loss": 1.9766, "train_accuracy": 0.1008, "val_loss": 1.9842, "val_accuracy": 0.0977, "_timestamp": 1679057463.3408723, "_runtime": 1537.1749703884125, "_step": 50, "test_accuracy": 10.0, "_wandb": {"runtime": 1536}}