{"epoch": 20, "train_loss": 1.9839, "train_accuracy": 0.1008, "val_loss": 1.9913, "val_accuracy": 0.0977, "_timestamp": 1679161158.7865863, "_runtime": 397.7683742046356, "_step": 20, "test_accuracy": 10.0, "_wandb": {"runtime": 396}}