{"epoch": 20, "train_loss": 1.9984, "train_accuracy": 0.1, "val_loss": 2.0058, "val_accuracy": 0.0999, "_timestamp": 1679151750.3972945, "_runtime": 382.90026354789734, "_step": 20, "test_accuracy": 10.0, "_wandb": {"runtime": 381}}