{"epoch": 20, "train_loss": 1.9839, "train_accuracy": 0.1008, "val_loss": 1.9913, "val_accuracy": 0.0977, "_timestamp": 1679129656.3979611, "_runtime": 940.4845721721649, "_step": 20, "test_accuracy": 10.0, "_wandb": {"runtime": 939}}