{"epoch": 20, "train_loss": 14.7075, "train_accuracy": 0.1008, "val_loss": 14.8237, "val_accuracy": 0.0977, "_timestamp": 1679067833.923131, "_runtime": 779.5972878932953, "_step": 20, "test_accuracy": 10.0, "_wandb": {"runtime": 778}}