{"epoch": 20, "train_loss": 1.9848, "train_accuracy": 0.1008, "val_loss": 1.9921, "val_accuracy": 0.0977, "_timestamp": 1679136213.3511271, "_runtime": 734.5873050689697, "_step": 20, "test_accuracy": 10.0, "_wandb": {"runtime": 733}}