{"epoch": 20, "train_loss": 1.9819, "train_accuracy": 0.1008, "val_loss": 1.9892, "val_accuracy": 0.0977, "_timestamp": 1679191370.0717807, "_runtime": 309.59689259529114, "_step": 20, "test_accuracy": 10.0, "_wandb": {"runtime": 308}}