{"epoch": 20, "train_loss": 1.9908, "train_accuracy": 0.1008, "val_loss": 1.9981, "val_accuracy": 0.0977, "_timestamp": 1679168055.9940836, "_runtime": 374.75958275794983, "_step": 20, "test_accuracy": 10.0, "_wandb": {"runtime": 373}}