{"epoch": 1, "train_loss": 1.9927, "train_accuracy": 0.0999, "val_loss": 2.0003, "val_accuracy": 0.1018, "_timestamp": 1678818263.5445406, "_runtime": 10.638678550720215, "_step": 1, "test_accuracy": 10.01, "_wandb": {"runtime": 9}}