{"epoch": 3, "train_loss": 1.9529, "train_accuracy": 0.3904, "val_loss": 1.9607, "val_accuracy": 0.3892, "_timestamp": 1679197518.4084406, "_runtime": 142.65967464447021, "_step": 2}