{"epoch": 1, "train_loss": 2.0655, "train_accuracy": 0.0995, "val_loss": 2.0728, "val_accuracy": 0.1015, "_timestamp": 1678898036.7716844, "_runtime": 13.617773294448853, "_step": 1, "test_accuracy": 10.0, "_wandb": {"runtime": 12}}