{"epoch": 50, "train_loss": 0.17, "train_accuracy": 0.0996, "val_loss": 0.17, "val_accuracy": 0.1012, "_timestamp": 1678950039.1924932, "_runtime": 1850.6263501644135, "_step": 50, "test_accuracy": 10.0, "_wandb": {"runtime": 1849}}