{"epoch": 1, "train_loss": 0.58, "train_accuracy": 0.6908, "val_loss": 0.6055, "val_accuracy": 0.6841, "_timestamp": 1678817914.5323799, "_runtime": 17.234631776809692, "_step": 1, "test_accuracy": 68.23, "_wandb": {"runtime": 16}}