{"epoch": 1, "train_loss": 1.0365, "train_accuracy": 0.5116, "val_loss": 1.0563, "val_accuracy": 0.5032, "_timestamp": 1678818090.4783754, "_runtime": 9.453283548355103, "_step": 1, "test_accuracy": 50.739999999999995, "_wandb": {"runtime": 8}}