{"epoch": 50, "train_loss": 1.9844, "train_accuracy": 0.1008, "val_loss": 1.9917, "val_accuracy": 0.0977, "_timestamp": 1679035286.7361279, "_runtime": 1502.90687084198, "_step": 50, "test_accuracy": 10.0, "_wandb": {"runtime": 1502}}