{"epoch": 50, "train_loss": 0.1699, "train_accuracy": 0.0998, "val_loss": 0.1702, "val_accuracy": 0.1005, "_timestamp": 1678942217.2909906, "_runtime": 1128.2851145267487, "_step": 50, "test_accuracy": 10.0, "_wandb": {"runtime": 1127}}