{"epoch": 10, "train_loss": 1.9807, "train_accuracy": 0.1114, "val_loss": 1.9743, "val_accuracy": 0.1152, "_timestamp": 1678762918.0801036, "_runtime": 751.132818698883, "_step": 10, "test_accuracy": 11.35, "_wandb": {"runtime": 750}}