{"epoch": 20, "train_loss": 1.9773, "train_accuracy": 0.1008, "val_loss": 1.9846, "val_accuracy": 0.0977, "_timestamp": 1679124973.257178, "_runtime": 791.4745709896088, "_step": 20, "test_accuracy": 10.0, "_wandb": {"runtime": 790}}