{"epoch": 14, "train_loss": 1.1002, "train_accuracy": 0.4792, "val_loss": 1.1066, "val_accuracy": 0.4786, "_timestamp": 1679163862.0428102, "_runtime": 442.0711462497711, "_step": 13}