{"epoch": 10, "train_loss": 14.7132, "train_accuracy": 0.1004, "val_loss": 14.8065, "val_accuracy": 0.0987, "_timestamp": 1678855334.7588465, "_runtime": 237.5203776359558, "_step": 10, "test_accuracy": 10.0, "_wandb": {"runtime": 236}}