{"epoch": 20, "train_loss": 0.3993, "train_accuracy": 0.7715, "val_loss": 0.4966, "val_accuracy": 0.7521, "_timestamp": 1679143604.121359, "_runtime": 436.6809141635895, "_step": 20, "test_accuracy": 74.56, "_wandb": {"runtime": 435}}