{"epoch": 1, "train_loss": 13.9311, "train_accuracy": 0.0998, "val_loss": 14.0017, "val_accuracy": 0.1005, "_timestamp": 1679159182.8425665, "_runtime": 28.647826433181763, "_step": 0}