{"epoch": 20, "train_loss": 2.0478, "train_accuracy": 0.1004, "val_loss": 2.0575, "val_accuracy": 0.0987, "_timestamp": 1679068525.2087464, "_runtime": 683.3922765254974, "_step": 20, "test_accuracy": 10.0, "_wandb": {"runtime": 682}}