{"epoch": 50, "train_loss": 2.0647, "train_accuracy": 0.0995, "val_loss": 2.072, "val_accuracy": 0.1015, "_timestamp": 1679036776.9383636, "_runtime": 1475.3718464374542, "_step": 50, "test_accuracy": 10.0, "_wandb": {"runtime": 1474}}