{"epoch": 1, "train_loss": 0.4783, "train_accuracy": 0.7446, "val_loss": 0.5056, "val_accuracy": 0.7337, "_timestamp": 1678815483.2794461, "_runtime": 10.605319023132324, "_step": 1, "test_accuracy": 73.45, "_wandb": {"runtime": 9}}