{"epoch": 20, "train_loss": 2.0073, "train_accuracy": 0.1988, "val_loss": 2.001, "val_accuracy": 0.203, "_timestamp": 1679196152.3630857, "_runtime": 433.82763671875, "_step": 20, "test_accuracy": 19.98, "_wandb": {"runtime": 432}}