{"epoch": 20, "train_loss": 2.0114, "train_accuracy": 0.0995, "val_loss": 2.0173, "val_accuracy": 0.1015, "_timestamp": 1679169365.856799, "_runtime": 721.4642479419708, "_step": 20, "test_accuracy": 10.0, "_wandb": {"runtime": 720}}