{"epoch": 20, "train_loss": 14.7308, "train_accuracy": 0.0995, "val_loss": 14.7537, "val_accuracy": 0.1015, "_timestamp": 1679153726.57922, "_runtime": 1221.9945471286774, "_step": 20, "test_accuracy": 10.0, "_wandb": {"runtime": 1220}}