{"epoch": 5, "train_loss": 2.0363, "train_accuracy": 0.1, "val_loss": 2.0307, "val_accuracy": 0.0972, "_timestamp": 1678805887.3577163, "_runtime": 442.7956073284149, "_step": 5, "test_accuracy": 10.32, "_wandb": {"runtime": 441}}