{"epoch": 10, "train_loss": 14.7275, "train_accuracy": 0.0997, "val_loss": 14.7636, "val_accuracy": 0.101, "_timestamp": 1678888369.1687496, "_runtime": 235.86695265769958, "_step": 10, "test_accuracy": 10.0, "_wandb": {"runtime": 234}}