{"epoch": 20, "train_loss": 14.7206, "train_accuracy": 0.1, "val_loss": 14.7844, "val_accuracy": 0.0999, "_timestamp": 1679185393.7885177, "_runtime": 689.8609366416931, "_step": 20, "test_accuracy": 10.0, "_wandb": {"runtime": 688}}