{"epoch": 1, "train_loss": 0.8136, "train_accuracy": 0.547, "val_loss": 0.8379, "val_accuracy": 0.5409, "_timestamp": 1678815418.5458498, "_runtime": 10.31642484664917, "_step": 1, "test_accuracy": 54.08, "_wandb": {"runtime": 9}}