{"epoch": 50, "train_loss": 0.1699, "train_accuracy": 0.1, "val_loss": 0.1703, "val_accuracy": 0.0999, "_timestamp": 1678979548.876934, "_runtime": 2053.822713136673, "_step": 50, "test_accuracy": 10.0, "_wandb": {"runtime": 2052}}