{"epoch": 1, "train_loss": 2.9241, "train_accuracy": 0.1119, "val_loss": 2.8358, "val_accuracy": 0.1135, "_timestamp": 1678816135.0205066, "_runtime": 7.563143730163574, "_step": 1, "test_accuracy": 11.24, "_wandb": {"runtime": 6}}