{"epoch": 50, "train_loss": 0.17, "train_accuracy": 0.0995, "val_loss": 0.1699, "val_accuracy": 0.1015, "_timestamp": 1678948175.9548779, "_runtime": 1124.0835518836975, "_step": 50, "test_accuracy": 10.0, "_wandb": {"runtime": 1123}}