{"epoch": 20, "train_loss": 1.9886, "train_accuracy": 0.1008, "val_loss": 1.9959, "val_accuracy": 0.0977, "_timestamp": 1679157267.9179716, "_runtime": 1092.5872166156769, "_step": 20, "test_accuracy": 10.0, "_wandb": {"runtime": 1091}}