{"epoch": 20, "train_loss": 0.7184, "train_accuracy": 0.6503, "val_loss": 0.7325, "val_accuracy": 0.6466, "_timestamp": 1679181283.2761734, "_runtime": 696.5928874015808, "_step": 20, "test_accuracy": 64.16, "_wandb": {"runtime": 695}}