{"epoch": 20, "train_loss": 2.0627, "train_accuracy": 0.1008, "val_loss": 2.0704, "val_accuracy": 0.0977, "_timestamp": 1679128216.6929078, "_runtime": 493.9958658218384, "_step": 20, "test_accuracy": 10.0, "_wandb": {"runtime": 492}}