{"epoch": 20, "train_loss": 1.9895, "train_accuracy": 0.1008, "val_loss": 1.9968, "val_accuracy": 0.0977, "_timestamp": 1679134678.8624947, "_runtime": 393.00655364990234, "_step": 20, "test_accuracy": 10.0, "_wandb": {"runtime": 392}}