{"epoch": 3, "train_loss": 2.054, "train_accuracy": 0.1908, "val_loss": 2.0616, "val_accuracy": 0.1905, "_timestamp": 1679075267.4965193, "_runtime": 78.81065130233765, "_step": 2}