{"epoch": 6, "train_loss": 2.0142, "train_accuracy": 0.0997, "val_loss": 2.0198, "val_accuracy": 0.101, "_timestamp": 1679159921.3874364, "_runtime": 364.8562333583832, "_step": 5}