{"epoch": 20, "train_loss": 1.9828, "train_accuracy": 0.1008, "val_loss": 1.9913, "val_accuracy": 0.0977, "_timestamp": 1679160741.897797, "_runtime": 1185.3665940761566, "_step": 20, "test_accuracy": 10.0, "_wandb": {"runtime": 1184}}