{"epoch": 19, "train_loss": 1.9817, "train_accuracy": 0.1004, "val_loss": 1.9901, "val_accuracy": 0.0987, "_timestamp": 1679160674.611002, "_runtime": 1118.0797989368439, "_step": 18}