{"epoch": 50, "train_loss": 0.0237, "train_accuracy": 0.7643, "val_loss": 0.0247, "val_accuracy": 0.7593, "_timestamp": 1678977482.4926245, "_runtime": 2231.439998626709, "_step": 50, "test_accuracy": 74.89, "_wandb": {"runtime": 2230}}