{"epoch": 1, "train_loss": 4.8617, "train_accuracy": 0.206, "val_loss": 4.8159, "val_accuracy": 0.2057, "_timestamp": 1678815609.8755329, "_runtime": 7.662641763687134, "_step": 1, "test_accuracy": 20.560000000000002, "_wandb": {"runtime": 6}}