{"epoch": 20, "train_loss": 1.9887, "train_accuracy": 0.1008, "val_loss": 1.996, "val_accuracy": 0.0977, "_timestamp": 1679145201.2074764, "_runtime": 415.8520302772522, "_step": 20, "test_accuracy": 10.0, "_wandb": {"runtime": 414}}