{"epoch": 20, "train_loss": 1.9842, "train_accuracy": 0.0995, "val_loss": 1.9915, "val_accuracy": 0.1015, "_timestamp": 1679067038.8790638, "_runtime": 963.3138628005981, "_step": 20, "test_accuracy": 10.0, "_wandb": {"runtime": 962}}