{"epoch": 20, "train_loss": 2.8505, "train_accuracy": 0.3784, "val_loss": 2.8913, "val_accuracy": 0.3746, "_timestamp": 1679154360.0888872, "_runtime": 620.9161641597748, "_step": 20, "test_accuracy": 37.08, "_wandb": {"runtime": 619}}