{"epoch": 20, "train_loss": 1.9848, "train_accuracy": 0.1008, "val_loss": 1.9921, "val_accuracy": 0.0977, "_timestamp": 1679150687.2651684, "_runtime": 789.1281335353851, "_step": 20, "test_accuracy": 10.0, "_wandb": {"runtime": 788}}