{"epoch": 20, "train_loss": 2.0549, "train_accuracy": 0.1249, "val_loss": 2.062, "val_accuracy": 0.1244, "_timestamp": 1679190635.0746555, "_runtime": 672.4427535533905, "_step": 20, "test_accuracy": 12.15, "_wandb": {"runtime": 671}}