{"epoch": 20, "train_loss": 14.7308, "train_accuracy": 0.0995, "val_loss": 14.7537, "val_accuracy": 0.1015, "_timestamp": 1679152493.787824, "_runtime": 731.1157698631287, "_step": 20, "test_accuracy": 10.0, "_wandb": {"runtime": 730}}