{"epoch": 20, "train_loss": 2.0704, "train_accuracy": 0.1008, "val_loss": 2.078, "val_accuracy": 0.0977, "_timestamp": 1679121488.8375626, "_runtime": 402.9608325958252, "_step": 20, "test_accuracy": 10.0, "_wandb": {"runtime": 402}}