{"epoch": 20, "train_loss": 1.5322, "train_accuracy": 0.1973, "val_loss": 1.5365, "val_accuracy": 0.1985, "_timestamp": 1679134274.961339, "_runtime": 723.8925459384918, "_step": 20, "test_accuracy": 19.73, "_wandb": {"runtime": 723}}