{"epoch": 1, "train_loss": 0.7343, "train_accuracy": 0.6414, "val_loss": 0.7515, "val_accuracy": 0.6369, "_timestamp": 1678818069.1664448, "_runtime": 10.00060486793518, "_step": 1, "test_accuracy": 63.660000000000004, "_wandb": {"runtime": 8}}