{"epoch": 1, "train_loss": 2.0547, "train_accuracy": 0.1025, "val_loss": 2.0622, "val_accuracy": 0.1039, "_timestamp": 1678898290.7542865, "_runtime": 13.939003467559814, "_step": 1, "test_accuracy": 10.35, "_wandb": {"runtime": 12}}