{"epoch": 5, "train_loss": 1.9761, "train_accuracy": 0.0996, "val_loss": 1.9831, "val_accuracy": 0.1012, "_timestamp": 1678643330.369451, "_runtime": 128.19059300422668, "_step": 5, "test_accuracy": 10.0, "_wandb": {"runtime": 127}}