{"epoch": 5, "train_loss": 2.0406, "train_accuracy": 0.1114, "val_loss": 2.034, "val_accuracy": 0.1152, "_timestamp": 1678767427.7943227, "_runtime": 4490.98090672493, "_step": 5, "test_accuracy": 11.35, "_wandb": {"runtime": 4489}}