{"epoch": 10, "train_loss": 1.9761, "train_accuracy": 0.0996, "val_loss": 1.9832, "val_accuracy": 0.1012, "_timestamp": 1678645727.7591522, "_runtime": 459.0379900932312, "_step": 10, "test_accuracy": 10.0, "_wandb": {"runtime": 458}}