{"epoch": 20, "train_loss": 1.9895, "train_accuracy": 0.1008, "val_loss": 1.9968, "val_accuracy": 0.0977, "_timestamp": 1679133543.1941373, "_runtime": 450.17681527137756, "_step": 20, "test_accuracy": 10.0, "_wandb": {"runtime": 449}}