{"test_accuracy": 19.84, "_timestamp": 1678604365.5022674, "_runtime": 31.693300247192383, "_step": 0, "_wandb": {"runtime": 24}}