{"epoch": 20, "train_loss": 14.7206, "train_accuracy": 0.1, "val_loss": 14.7844, "val_accuracy": 0.0999, "_timestamp": 1679138488.0612721, "_runtime": 716.8871130943298, "_step": 20, "test_accuracy": 10.0, "_wandb": {"runtime": 715}}