{"epoch": 20, "train_loss": 5.5671, "train_accuracy": 0.0997, "val_loss": 5.5515, "val_accuracy": 0.101, "_timestamp": 1679063088.3453166, "_runtime": 665.1190946102142, "_step": 20, "test_accuracy": 10.0, "_wandb": {"runtime": 663}}