{"epoch": 50, "train_loss": 1.9851, "train_accuracy": 0.1, "val_loss": 1.9925, "val_accuracy": 0.0999, "_timestamp": 1679059162.3245513, "_runtime": 1687.4178693294525, "_step": 50, "test_accuracy": 10.0, "_wandb": {"runtime": 1686}}