{"epoch": 20, "train_loss": 1.9886, "train_accuracy": 0.1008, "val_loss": 1.9959, "val_accuracy": 0.0977, "_timestamp": 1679146621.0661836, "_runtime": 713.5834805965424, "_step": 20, "test_accuracy": 10.0, "_wandb": {"runtime": 712}}