{"epoch": 1, "train_loss": 0.4887, "train_accuracy": 0.7432, "val_loss": 0.5173, "val_accuracy": 0.7375, "_timestamp": 1678817992.1798549, "_runtime": 13.915183782577515, "_step": 1, "test_accuracy": 73.09, "_wandb": {"runtime": 12}}