{"epoch": 50, "train_loss": 2.0738, "train_accuracy": 0.1, "val_loss": 2.0815, "val_accuracy": 0.0999, "_timestamp": 1679038278.9003887, "_runtime": 1485.112150669098, "_step": 50, "test_accuracy": 10.0, "_wandb": {"runtime": 1484}}