{"epoch": 10, "train_loss": 14.7132, "train_accuracy": 0.1004, "val_loss": 14.8065, "val_accuracy": 0.0987, "_timestamp": 1678889402.4874396, "_runtime": 234.49737453460693, "_step": 10, "test_accuracy": 10.0, "_wandb": {"runtime": 232}}