{"epoch": 20, "train_loss": 14.7308, "train_accuracy": 0.0995, "val_loss": 14.7537, "val_accuracy": 0.1015, "_timestamp": 1679126870.6702716, "_runtime": 1149.1459386348724, "_step": 20, "test_accuracy": 10.0, "_wandb": {"runtime": 1148}}