{"epoch": 20, "train_loss": 2.0654, "train_accuracy": 0.1008, "val_loss": 2.0731, "val_accuracy": 0.0977, "_timestamp": 1679131976.4805636, "_runtime": 1263.5827946662903, "_step": 20, "test_accuracy": 10.0, "_wandb": {"runtime": 1262}}