{"epoch": 50, "train_loss": 0.8698, "train_accuracy": 0.4867, "val_loss": 0.9339, "val_accuracy": 0.4797, "_timestamp": 1679044645.7290573, "_runtime": 1520.8151223659515, "_step": 50, "test_accuracy": 47.699999999999996, "_wandb": {"runtime": 1519}}