{"epoch": 50, "train_loss": 4.9707, "train_accuracy": 0.1, "val_loss": 4.9885, "val_accuracy": 0.0999, "_timestamp": 1679040075.9558165, "_runtime": 1787.3685455322266, "_step": 50, "test_accuracy": 10.0, "_wandb": {"runtime": 1786}}