{"epoch": 1, "train_loss": 2.6425, "train_accuracy": 0.4652, "val_loss": 2.7551, "val_accuracy": 0.4635, "_timestamp": 1678815685.2257924, "_runtime": 7.593640327453613, "_step": 1, "test_accuracy": 46.12, "_wandb": {"runtime": 6}}