{"epoch": 20, "train_loss": 1.9764, "train_accuracy": 0.1008, "val_loss": 1.9837, "val_accuracy": 0.0977, "_timestamp": 1679161803.8929029, "_runtime": 634.2933418750763, "_step": 20, "test_accuracy": 10.0, "_wandb": {"runtime": 633}}